date,ticker,sector,market_cap,final_score,score_percentile,target_weight,fcf_yield,roic,debt_to_ebitda,interest_coverage,mom_12_1,above_200dma
2007-01-03,SSP,Communication Services,857650147.443323,0.9742857142857145,0.9973544973544973,0.05,0.4945454755233157,0.1131740007788373,1.385898425284949,10.142243349483499,0.3630832584227288,True
2007-01-03,MDU,Utilities,1763511676.6939163,0.92,0.9947089947089947,0.05,0.0004247207488890362,0.09438582275997416,1.8235831217105518,7.452851964193238,0.19603611834940793,True
2007-01-03,GWW,Industrials,4531632967.484864,0.8237456000561643,0.9841269841269841,0.05,0.07302643492411333,0.17215482335806884,0.015614222523660033,23.474915592752865,0.38709657122042196,True
2007-01-03,IFF,Basic Materials,1648702636.3601685,0.8076309135309138,0.9814814814814815,0.05,0.127397746184058,0.13934813413718392,2.0021873273732997,13.154686192468619,0.7383300484914765,True
2007-01-03,WLK,Basic Materials,2092176995.770996,0.7750550005550007,0.9735449735449735,0.05,0.1106512500940143,0.22474279197404703,0.5194119314891799,11.254632751598198,0.13958194134669788,True
2007-01-03,CMC,Industrials,3102186717.5814285,0.7590503130937054,0.9682539682539683,0.05,0.023468284351613664,0.26165168968079217,0.5764535289032654,20.27486800764422,0.5081523832224406,True
2007-01-03,MTW,Industrials,803714134.8751068,0.7462652800158549,0.9629629629629629,0.05,0.17956260035469718,0.14342997921490327,1.2871167679570508,3.074404091742529,1.2954377301666642,True
2007-01-03,NDSN,Industrials,1685173824.7184753,0.7303383852520255,0.9444444444444444,0.05,0.06389014499319479,0.22079757806789274,0.711374670317671,12.015085381729076,0.17913377497337724,True
2007-01-03,SEB,Industrials,2220005920.0,0.7107638790295217,0.9312169312169312,0.05,0.09537452044272027,0.1917762948285254,0.6078488557802609,11.205741441928753,0.12637627763292403,True
2007-01-03,WAT,Healthcare,5038257230.09491,0.7041666666666668,0.9285714285714286,0.05,0.04255737454595205,0.3869594565942226,2.626004138086402,11.37583918813427,0.2963254952148078,True
2007-01-03,HRL,Consumer Defensive,5323832712.936402,0.70193242793457,0.9259259259259259,0.05,0.0347602958204015,0.15121881161122896,0.6128259386859272,22.34994545274224,0.1677788691931268,True
2007-01-03,FWRD,Industrials,831163369.0643309,0.691584279289376,0.9232804232804233,0.05,0.03741141772766611,0.08828320535301246,0.025492851768246803,262.16129032258067,0.6012856373918856,True
2007-01-03,TRMB,Technology,3016483992.1493535,0.6843401451489688,0.917989417989418,0.05,0.028854122954580074,0.15545771552678792,0.005004164628422597,11.885270307992927,0.32556842530974306,True
2007-01-03,DD,Basic Materials,7371232366.141922,0.6641707792207794,0.9047619047619048,0.05,0.26779782564813986,0.1516803383143279,1.4434389140271493,9.422053231939163,0.051723921936906336,True
2007-01-03,CLH,Industrials,986663182.0106506,0.6616076526386039,0.8994708994708994,0.05,0.03578830207086701,0.28589022433716577,1.260090419392074,4.249121725731896,0.4416722367334769,True
2007-01-03,TNC,Industrials,542172884.2086792,0.6584393827374748,0.8941798941798942,0.05,0.03822581431797144,0.10122443732221684,0.09971032534533528,26.021296296296295,0.12966794040354412,True
2007-01-03,KR,Consumer Defensive,16682400054.93164,0.6424850557466953,0.873015873015873,0.05,0.030031650023396646,0.11518338904494207,2.0606867969212552,4.3128834355828225,0.15279887393910974,True
2007-01-03,ITT,Industrials,1753592733.4785461,0.6416276423153712,0.8703703703703703,0.05,0.3925084695319427,0.10352445253719231,1.4205055819325034,7.3611442193087,0.02699356328948399,True
2007-01-03,MKSI,Technology,1267973021.402359,0.6414442439655288,0.8677248677248677,0.05,0.05431582442016764,0.11131501769717995,0.21197101723122988,73.17086453369639,0.11859900612723484,True
2007-01-03,MIDD,Industrials,878329502.3803711,0.6411380003859869,0.8650793650793651,0.05,0.04931406708144748,0.22874244004129785,1.374203213997993,9.701275846898373,0.1425005652906295,True
2008-01-02,SSP,Communication Services,1402080337.7450407,0.9742857142857145,0.9974160206718347,0.05,0.3058405345656997,0.13371953801961195,0.7780114796409723,12.929569385831934,0.679321521047757,True
2008-01-02,CALM,Consumer Defensive,616326854.5722961,0.84170463325523,0.9922480620155039,0.05,0.1502481991706523,0.3142256245410415,0.7890879910366181,14.396748135874068,1.8800640551960686,True
2008-01-02,CVX,Energy,198527543135.23865,0.8229198683039356,0.9870801033591732,0.05,0.04085579195665922,0.3194340377167206,0.12421199613955113,159.74900398406373,0.22772551958511933,True
2008-01-02,MTW,Industrials,1361463509.0275574,0.7799584565762203,0.9664082687338501,0.05,0.07984055340391778,0.2199743133381577,0.5969042947460214,6.369308600337268,0.47882230083857236,True
2008-01-02,ATI,Industrials,2695347507.9519544,0.779531718704453,0.9638242894056848,0.05,0.09408805330363379,0.40003132261532054,0.4077782056218714,90.87121212121212,0.17175439543816773,True
2008-01-02,FLO,Consumer Defensive,2121575215.8794403,0.7736422125455569,0.958656330749354,0.05,0.06620929531445949,0.13882473912091894,0.14485332869168321,17.96247127904008,0.3167944680456172,True
2008-01-02,OXY,Energy,62828659904.47998,0.7551216960832462,0.9483204134366925,0.05,0.037339647281458554,0.18154283985613606,0.20466516177577126,7.390476190476191,0.44736622791424696,True
2008-01-02,DD,Basic Materials,11807208223.26437,0.7279531386268915,0.9302325581395349,0.05,0.2135136394929277,0.10653617619148217,1.5793159609120522,8.40461215932914,0.6066438701992227,True
2008-01-02,PEP,Consumer Defensive,123660287873.71063,0.70827010160255,0.9147286821705426,0.05,0.03852489818611198,0.3145594227119078,0.3562806262698697,12.947858472998139,0.2535370134291526,True
2008-01-02,LII,Industrials,2830389946.746826,0.6957209712492259,0.9018087855297158,0.05,0.05589335850412796,0.2027977732009217,0.5219512195121951,28.27173913043478,0.11784501504226519,True
2008-01-02,HAL,Energy,35478728740.69213,0.6919401311829071,0.8940568475452196,0.05,0.03399219878520577,0.30763200109355965,0.6800775569558895,12.184300341296929,0.1910594327428563,True
2008-01-02,GIS,Consumer Defensive,6978872546.386719,0.681927902868611,0.8914728682170543,0.05,0.16436752389093365,0.1117775706837873,3.0007800007800007,4.495864262990456,0.3167944680456172,True
2008-01-02,COP,Energy,110165889000.0,0.6687940114180694,0.8708010335917312,0.05,0.10236380881926165,0.10324397281951038,0.7225286521121643,16.15659140568099,0.13683010132622986,True
2008-01-02,TDY,Technology,1868643961.3342285,0.6653767197622388,0.8604651162790697,0.05,0.052712021143755027,0.14753161853939473,0.9516806722689075,10.82394366197183,0.3511088905448079,True
2008-01-02,WWD,Industrials,2318958222.7478027,0.6644532140681771,0.8552971576227391,0.05,0.036970911834026586,0.17846187945825306,0.41011332840601133,16.163336663336665,0.7402644095320849,True
2008-01-02,ATR,Healthcare,2833523575.0808716,0.6451212121212122,0.8217054263565892,0.05,0.04100159992375717,0.12270282418592503,1.0856656882852125,13.351741884402218,0.4494697246999442,True
2008-01-02,BOOM,Industrials,734415797.7855072,0.6409770896546136,0.8165374677002584,0.05,0.0030541282019849584,0.4334758074345226,0.010770073278222547,435.76190476190476,1.2678931819540047,True
2008-01-02,CMCO,Industrials,597070180.223465,0.632465592514554,0.8036175710594315,0.05,0.07222266565692623,0.12343187275747859,1.883741941785505,5.014610164797119,0.4804948257090418,True
2008-01-02,BMI,Technology,653890568.0287476,0.6322833183062847,0.8010335917312662,0.05,0.023913787359160284,0.24270879844021753,0.40134814210665193,30.4198606271777,0.4234027740624864,True
2008-01-02,WAT,Healthcare,7806396000.0,0.630469696969697,0.7958656330749354,0.05,0.03410242063046763,0.358490289615661,2.4131556559143204,9.888861992798573,0.5936287312677102,True
2009-01-02,RL,Consumer Cyclical,4882327906.799316,0.865857241142071,0.9974619289340102,0.16666666666666666,0.12696812091148232,0.19113701550633044,0.47811887655127366,23.49019607843137,0.1908600563248375,True
2009-01-02,CMI,Industrials,4981275074.958801,0.7949972556718621,0.9720812182741116,0.16666666666666666,0.08772854207486509,0.2490369899257946,0.3747191011235955,16.175824175824175,0.06932857974542483,True
2009-01-02,CMP,Basic Materials,822328662.3744965,0.7854323598079381,0.9670050761421319,0.16666666666666666,0.1929885303301352,0.3328436097455901,1.9591207096027767,3.8732142857142855,0.06932857974542483,True
2009-01-02,GWW,Industrials,3505352421.6040654,0.7236008216314882,0.9086294416243654,0.16666666666666666,0.07756595266263674,0.17931725988639788,0.6511472422109856,122.84288864388093,0.1551368578992227,True
2009-01-02,WKC,Energy,1068240172.3594666,0.6160704797976952,0.7081218274111675,0.16666666666666666,0.12846455652092933,0.20448273281800125,0.4650385083096879,18.66606945975744,0.05803128084804521,True
2009-01-02,GVA,Industrials,1700520453.643799,0.6136177670629777,0.7055837563451777,0.16666666666666666,0.05301435793190628,0.20046141846247545,0.9433816133574734,14.935955056179775,0.1551368578992227,True
2010-01-04,CF,Basic Materials,986000000.0,0.9432327474560595,0.9974874371859297,0.05,0.3887423935091278,0.5283923654636669,0.004358124111795357,354.48148148148147,0.6039214369959784,True
2010-01-04,MSM,Industrials,833831980.8959962,0.8385125976938596,0.9824120603015075,0.05,0.31506107467562766,0.15906770584378838,0.8579182390215998,60.04263683096462,0.2995243224552331,True
2010-01-04,MGEE,Utilities,834415430.8605193,0.8233333333333334,0.9798994974874372,0.05,0.05457233689103694,0.04808069513496265,3.0048616905205057,6.0949619427328745,0.13349300612915838,True
2010-01-04,NEU,Basic Materials,1832144104.6524048,0.8070302619973121,0.9773869346733668,0.05,0.06170420749815861,0.27796688392336055,0.9779289771566344,10.33522891566265,2.0351389947157967,True
2010-01-04,WKC,Energy,1687544054.1000366,0.8021478727607195,0.9723618090452262,0.05,0.18153303865206238,0.3098898457083259,0.12629707036262972,21.50132081009686,0.4513231812174998,True
2010-01-04,BMI,Technology,608185160.4294434,0.7838100230414748,0.9623115577889447,0.05,0.04585116805597414,0.19727667089008766,0.27660823141872704,14.883620689655173,0.2104926962751641,True
2010-01-04,OII,Energy,3442226185.2035527,0.7767976058597008,0.9472361809045227,0.05,0.06600292594850647,0.16586812994225641,0.2774406103693428,27.092378954728193,0.5217700602687785,True
2010-01-04,RL,Consumer Cyclical,4876800000.0,0.7679210526315791,0.9422110552763819,0.05,0.1135990813648294,0.15996984278512136,0.3986775573706729,6.074181117533719,0.07453750734942832,True
2010-01-04,CNX,Energy,8083332306.375,0.7616604529123974,0.9346733668341709,0.05,0.007873980381804094,0.708384587731665,0.28122186122180415,22.93796978209703,0.37708304409082527,True
2010-01-04,SMG,Basic Materials,936306497.4784851,0.7589786823026416,0.9321608040201005,0.05,0.20207058320061216,0.15315915956637363,2.3903806432575982,4.9379432624113475,0.12190635356699753,True
2010-01-04,CSL,Industrials,2150031107.3760986,0.749165102477559,0.9246231155778895,0.05,0.2085551220452936,0.11316214859817604,0.5746241290795746,10.683937823834198,0.6121050368210426,True
2010-01-04,ADP,Technology,18940712124.25232,0.7430040322580647,0.9221105527638191,0.05,0.061491880155270365,0.26826392631454526,0.022515072293656298,91.34104046242774,0.11052038266016595,True
2010-01-04,CMP,Basic Materials,903595360.1455688,0.7381664528741125,0.914572864321608,0.05,0.06784010045173826,0.3037784276808304,1.5096714768191588,9.672354948805461,0.1848235192152079,True
2010-01-04,BCPC,Basic Materials,657071241.494957,0.7351875396438087,0.9095477386934674,0.05,0.06324428368749258,0.22555838001681155,0.16035434022816697,119.52715654952077,0.3133658870755094,True
2010-01-04,WAT,Healthcare,5948096293.087006,0.7198939393939394,0.8969849246231156,0.05,0.05215719193392386,0.31813387255004877,1.45750809412701,30.795765679719835,0.5602520364163879,True
2010-01-04,GIC,Industrials,596357602.9167175,0.718731381798288,0.8894472361809045,0.05,0.07996376631532537,0.12432338668380533,0.2967760122253379,77.46896551724137,0.538302438623385,True
2010-01-04,WDFC,Basic Materials,540855133.497345,0.714193404266642,0.8844221105527639,0.05,0.05846297472584722,0.17593339999480304,0.7216011135057471,16.372643401524268,0.2513889177708504,True
2010-01-04,AAON,Industrials,1961321172.9555128,0.7062435988288998,0.8819095477386935,0.05,0.013721363115377139,0.2825011698500527,0.0018968060851071982,1395.1612903225807,0.8386691477158228,True
2010-01-04,FLS,Industrials,5469229685.371399,0.7051269524400666,0.8768844221105527,0.05,0.05012424340730241,0.23826472809002347,0.7653226077657235,8.033393900702254,0.827430971246867,True
2010-01-04,HRL,Consumer Defensive,5194595834.350587,0.698036392981034,0.8668341708542714,0.05,0.08736156083579769,0.1741789954140452,0.5127829463043001,19.839685658153243,0.2457517562316598,True
2011-01-03,WTI,Energy,1349725977.5161743,0.8423681669752788,0.9975609756097561,0.05,0.15753271667133784,0.4212980277757,0.746236480682425,7.93100211218024,0.6183709050860626,True
2011-01-03,IOSP,Basic Materials,517041367.6300049,0.8404602692140687,0.9951219512195122,0.05,0.1241680144362096,0.3640781359135884,0.5748502994011976,12.923076923076923,1.094152244162212,True
2011-01-03,RL,Consumer Cyclical,5318460044.86084,0.8198276480552696,0.9878048780487805,0.05,0.10677902911929452,0.20445292002967455,0.2819574888779041,47.94179894179894,0.12539265498465269,True
2011-01-03,SMG,Basic Materials,1218805051.8035889,0.808256290427196,0.9853658536585366,0.05,0.1743510987959414,0.1699052299824989,1.5310227823557925,7.547008547008547,0.23275229263414787,True
2011-01-03,MUR,Energy,12713787521.392822,0.7994716976544226,0.9804878048780488,0.05,0.05670560395845118,1.644045950956884,0.3485439298141029,20.494678694506387,0.3327817722268338,True
2011-01-03,WDFC,Basic Materials,693912442.5926208,0.7973081282803258,0.9780487804878049,0.05,0.07876353938228288,0.2623358287222391,0.3599637163830609,33.48455481526348,0.2601114022953992,True
2011-01-03,CMI,Industrials,5722144925.117494,0.7887522214212244,0.9707317073170731,0.05,0.1242541056377388,0.26051416329286103,0.45454545454545453,39.44736842105263,0.10765458013100004,True
2011-01-03,MSM,Industrials,2523406085.9680176,0.7847126286468593,0.9682926829268292,0.05,0.04737763004726115,0.18468897498301112,0.1468600872332725,212.25263157894736,3.2856732492832617,True
2011-01-03,COP,Energy,77670739935.15015,0.7801383918865028,0.9658536585365853,0.05,0.0887335437483196,0.12254531390192569,0.8237408816446198,15.645447219983884,0.3021802687760875,True
2011-01-03,CVX,Energy,184503817799.3774,0.7795686663548357,0.9634146341463414,0.05,0.05777116228342874,0.16634174014434602,0.2532191911484166,233.248,0.14376962169896013,True
2011-01-03,VFC,Consumer Cyclical,8879141663.513184,0.7790745230898686,0.9609756097560975,0.05,0.11829060057866263,0.14195599766724507,0.9258875145096783,10.869381356859028,0.18758909073318653,True
2011-01-03,ENTG,Technology,594827342.0805931,0.776096228474412,0.9585365853658536,0.05,0.16547995197346435,0.21561498940334836,0.04582506994035276,16.166816952209196,0.13925969736107424,True
2011-01-03,KBR,Industrials,4748640083.312988,0.775211201113938,0.9560975609756097,0.05,0.09560631929031298,0.2792490018699146,0.18673647469458987,30.235294117647058,0.5710011992614374,True
2011-01-03,NEU,Basic Materials,1812258000.0,0.7562519490388032,0.948780487804878,0.05,0.04844067456178977,0.2777606446680851,0.7832506365476268,17.180495552731895,0.15232936765721972,True
2011-01-03,FLO,Consumer Defensive,2472996751.5993123,0.7529026532514694,0.9414634146341463,0.05,0.08068308212332367,0.9930530567300428,0.47106797137355666,24.748762376237625,0.14767748900043487,True
2011-01-03,BALL,Consumer Cyclical,6274432254.40979,0.7415083535390441,0.9341463414634147,0.05,0.11922991111653507,0.12420558782202813,2.652339444945396,5.032525951557093,0.3414478350803223,True
2011-01-03,ALB,Basic Materials,5143700576.202393,0.7380074166997554,0.9317073170731708,0.05,0.059814329283364186,0.19392493924814305,1.6501749879318668,15.22182542978158,0.5340705128587202,True
2011-01-03,BCPC,Basic Materials,1032705073.4112968,0.7157281321619557,0.9048780487804878,0.05,0.029930132809263182,0.2601084285282692,0.09780277222011932,362.2846153846154,0.43419879219117763,True
2011-01-03,NDSN,Industrials,3236106244.5373535,0.7138629488570963,0.9024390243902439,0.05,0.03858927691598494,0.29643624270385865,0.4484557361053777,40.343352012226184,0.41274029495707776,True
2011-01-03,DOV,Industrials,7472876468.467712,0.7113295187632692,0.8975609756097561,0.05,0.08151011228008388,0.13072829052356855,1.5643771752492133,8.308929928900415,0.4209672400251936,True
2012-01-03,CMI,Industrials,5684650000.0,0.8889493249192598,0.9976019184652278,0.05,0.20018822618806786,0.3777077656338848,0.25355618776671407,55.28888888888889,0.07640447110786619,True
2012-01-03,MGEE,Utilities,1072951881.7634583,0.8500000000000002,0.9928057553956835,0.05,0.06661342527544666,0.09379159447423062,2.1536237368511304,6.722796574770259,0.05651149986884452,True
2012-01-03,CVX,Energy,220593544499.51938,0.8339269182917647,0.988009592326139,0.05,0.07065483278470988,0.2307860311800464,0.1653036986766203,198.71428571428572,0.14092861323675265,True
2012-01-03,RL,Consumer Cyclical,6598396884.155273,0.8278072651985696,0.9856115107913669,0.05,0.0749576008663078,0.21020585002958178,0.3096362581821195,47.406392694063925,0.47829170834243007,True
2012-01-03,CVI,Energy,1684677186.9430542,0.8196716477212161,0.9784172661870504,0.05,0.21622005855078563,0.4335108391550342,0.9440337016460019,9.81348461944743,1.2515652218445426,True
2012-01-03,GIC,Industrials,620567985.9924316,0.8003124219347278,0.973621103117506,0.05,0.19293937602746436,0.1286025818773035,0.10843435118408265,23.058047493403695,0.025623050541223824,True
2012-01-03,SBGI,Communication Services,965519867.6300049,0.7769761904761907,0.9688249400479616,0.05,0.15017194866834463,0.15919177505143695,3.797859315637346,2.4070283050219814,0.302404219469794,True
2012-01-03,FWRD,Industrials,696540630.9814453,0.7727072663838038,0.9664268585131894,0.05,0.06806925237540522,0.1916174488206786,0.5481161661726167,112.8234375,0.10416728879025716,True
2012-01-03,MKSI,Technology,1489075220.2148438,0.770898617511521,0.9640287769784173,0.05,0.1193908793770335,0.18638083198938654,0.0062706191152744,2802.041095890411,0.06546528957558317,True
2012-01-03,NEU,Basic Materials,2750500766.601562,0.7649195255509075,0.9592326139088729,0.05,0.04605161414170539,0.30260306327168573,0.7332973046004189,18.421523462609812,0.5568144856237323,True
2012-01-03,PRIM,Industrials,775510238.576889,0.7637718878203557,0.9568345323741008,0.05,0.09544554838609172,0.2525439661516337,0.5768577791170266,15.695003046922608,0.4270374172307412,True
2012-01-03,XOM,Energy,417079812188.0,0.7627002403344904,0.9544364508393285,0.05,0.06626549449854957,0.26078552504819646,0.19134047920733308,254.69858156028369,0.09566687336308743,True
2012-01-03,OXM,Consumer Cyclical,716672619.9188232,0.7412949369471109,0.9448441247002398,0.05,0.04014524791425527,0.13556997132458543,1.2730179943678106,3.564533591657644,0.4247430624107693,True
2012-01-03,PSKY,Communication Services,18407250308.99048,0.7380952380952382,0.9400479616306955,0.05,0.08517839295281411,0.10560260024709316,1.9604057591623036,5.4531998258598176,0.339387643112278,True
2012-01-03,HRL,Consumer Defensive,7887354082.489014,0.7278488507141144,0.9304556354916067,0.05,0.050179438612841215,0.20229704421160086,0.28879598642889903,32.71988350542759,0.15372427721545256,True
2012-01-03,CMP,Basic Materials,971464500.0,0.7267521275031541,0.9280575539568345,0.05,0.17746402467614616,0.23866546467007585,1.6204355108877722,10.588235294117647,0.07640447110786619,True
2012-01-03,CALM,Consumer Defensive,885191978.0731201,0.7245564622846056,0.9232613908872902,0.05,0.08174384968728544,0.18506190290742253,0.5290113221234811,24.286022348559108,0.13956782779729537,True
2012-01-03,KR,Consumer Defensive,14366268268.203735,0.707215323053821,0.9016786570743405,0.05,0.09337149877458886,0.12824358857377655,1.9743260590500642,5.080826223619218,0.08150286168010057,True
2012-01-03,LECO,Industrials,3337994481.2965393,0.6957649068728669,0.8705035971223022,0.05,0.034612100363666284,0.21429551379105402,0.26615450445631794,42.02407911709904,0.1872352858737938,True
2012-01-03,LSTR,Industrials,2248039214.923858,0.6934081185853205,0.8657074340527577,0.05,0.05310316617588158,0.29575530261690486,0.7746943998679043,51.502144607843135,0.11740016914630091,True
2013-01-02,CF,Basic Materials,3200399975.776673,0.924325928110612,0.9976905311778291,0.05,0.5432758446319049,0.5456912374260253,0.4859970283984189,22.954777534646244,0.702486992502745,True
2013-01-02,GWW,Industrials,2472990741.722107,0.8970768165865082,0.9953810623556582,0.05,0.21592519170862473,0.23285945795143137,0.4452623899199684,82.5166018546216,0.3087872587242686,True
2013-01-02,MGEE,Utilities,1217876672.3442078,0.8733333333333334,0.9930715935334873,0.05,0.04426310251615058,0.08596354258955648,2.256823450235549,6.109368697055264,0.11683852441393716,True
2013-01-02,TKR,Industrials,3734386075.9491005,0.8408859523489993,0.9838337182448037,0.05,0.0961336060864461,0.23845880483963758,0.4626230128690386,26.515337423312882,0.39670072967156034,True
2013-01-02,DINO,Energy,9528668864.776611,0.8360660091140387,0.9815242494226328,0.05,0.11684958474271662,0.3289262330502406,0.47694623072298314,25.104716505832656,1.0991311274690583,True
2013-01-02,IOSP,Basic Materials,843764220.9510803,0.8122984023622204,0.9745958429561201,0.05,0.07288766040669274,0.25126649978496524,0.33170731707317075,41.31818181818182,0.13395085490043113,True
2013-01-02,RL,Consumer Cyclical,7737255657.958984,0.8075611983924006,0.9699769053117783,0.05,0.07902026597390238,0.20754684837870158,0.2094727716920167,47.43913043478261,0.20709157730569294,True
2013-01-02,NEU,Basic Materials,3650051472.717285,0.7805607400522775,0.9584295612009238,0.05,0.0584523263835423,0.2896944766894087,0.39775857932630837,25.507395888644467,0.35384552071731123,True
2013-01-02,MPC,Energy,21788362834.87143,0.7786092755766402,0.9561200923787528,0.05,0.08169498614880688,0.2276224906001385,0.6805527331843121,55.263888888888886,0.8357402402837388,True
2013-01-02,DHR,Healthcare,27580378787.231445,0.7740226244343892,0.953810623556582,0.05,0.10850492747349254,0.10552379714112818,1.2180436149757048,19.913541863973926,0.14893724404886965,True
2013-01-02,VMI,Industrials,1444307308.631897,0.7720318929852774,0.9515011547344111,0.05,0.07466208843195941,0.2551203396474019,1.1402734233866738,10.730923694779117,0.3441275209737882,True
2013-01-02,DK,Energy,1577654025.056919,0.7672048087380601,0.9445727482678984,0.05,0.16822446226156892,0.2636257609375889,0.8230616302186878,7.659090909090909,1.362193256146646,True
2013-01-02,CVI,Energy,2136581980.1330566,0.7670149579484555,0.9422632794457275,0.05,0.2465587582870065,0.3649936831615924,0.9621340608266956,10.630875845370293,0.24360266797875996,True
2013-01-02,LECO,Industrials,4188247547.1954346,0.7664239964159939,0.9399538106235565,0.05,0.06019486602906756,0.2520814600960148,0.0465194962694765,73.97162837162837,0.2292900677956078,True
2013-01-02,FWRD,Industrials,1055895954.7424316,0.7646489811521403,0.9376443418013857,0.05,0.043929517668542306,0.21025001250321895,0.004543014875019169,212.0841836734694,0.43685406284768624,True
2013-01-02,XOM,Energy,407799865791.3208,0.7620644201857258,0.9353348729792148,0.05,0.05112556856668718,0.2846701003401846,0.13187419728057234,269.27147766323026,0.06624791384622442,True
2013-01-02,KWR,Basic Materials,736121785.75,0.72409544680563,0.9168591224018475,0.05,0.06105783155732394,0.16894343290487918,0.493908765996695,14.210538167079486,0.2805207199222912,True
2013-01-02,GIS,Consumer Defensive,10538969771.86203,0.7234569625232778,0.9145496535796767,0.05,0.17940083717176752,0.13946159357247995,2.4500441046750954,8.397572528123149,0.2770567638585495,True
2013-01-02,DAR,Consumer Defensive,819300352.3683548,0.7214780658654552,0.9122401847575058,0.05,0.19892826791648177,0.12333727255636567,0.775442347618605,9.060356288221218,0.19062233229057735,True
2013-01-02,A,Healthcare,10574850210.189821,0.7149117647058825,0.9099307159353349,0.05,0.09787372675999555,0.22029655305218562,1.6346020761245674,11.326732673267326,0.10444610335847271,True
2014-01-02,HY,Industrials,744753274.8718262,0.8657547481003489,0.9932432432432432,0.05,0.15589055317679681,0.3585268929612373,0.7481572481572482,13.424242424242424,0.5577817718683569,True
2014-01-02,CF,Basic Materials,4622999978.065491,0.8238657303833823,0.9864864864864865,0.05,0.20670560340341465,0.26993590725986727,1.1127614537365909,16.613445378151262,0.5198794767124495,True
2014-01-02,DHR,Healthcare,36579907610.321045,0.8169518716577541,0.9842342342342343,0.05,0.07627337470947518,0.11628860943174214,0.802395179396728,22.56062823834197,0.298844324993476,True
2014-01-02,FWONK,Communication Services,8436481179.2907715,0.7987500000000003,0.9774774774774775,0.05,0.08759576229649402,0.48099729714821554,0.5010264832683228,83.04761904761905,0.439842370883488,True
2014-01-02,KWR,Basic Materials,1005836683.288765,0.7960372728667297,0.9752252252252253,0.05,0.06140857758144356,0.1975748186297711,0.20780696911635763,24.297743883063234,0.41545623287006084,True
2014-01-02,MGEE,Utilities,1314379459.3963623,0.7933333333333334,0.9707207207207207,0.05,0.01072521325498661,0.08558186723647196,2.4076110892880527,6.9293626585326695,0.07631168327421989,True
2014-01-02,SMG,Basic Materials,1475599952.697754,0.787102292341412,0.9662162162162162,0.05,0.1910409386260948,0.17134109973570885,1.5136641018837889,5.25,0.1167899149768441,True
2014-01-02,DINO,Energy,9925572750.0,0.7826711888509881,0.963963963963964,0.05,0.08857393141368089,0.19506207660641692,0.4761954556429917,23.298289983824173,0.11939461910370808,True
2014-01-02,PPC,Consumer Defensive,4137206650.5260468,0.7712576904620203,0.9594594594594594,0.05,0.1295243494621822,0.27013998563699126,1.3421104501673933,5.5650245525106925,1.1337662758417593,True
2014-01-02,KR,Consumer Defensive,20464879364.013676,0.7711893680934229,0.9572072072072072,0.05,0.05396562473473577,0.14487082516972707,1.8312666076173605,6.308275708231095,0.6126206633557687,True
2014-01-02,LECO,Industrials,5819264570.480347,0.7643088653296128,0.954954954954955,0.05,0.04349948295598892,0.24987374643183832,0.034325701855667475,126.99177215189873,0.449774699255832,True
2014-01-02,RES,Energy,3832197561.0580444,0.7600251279880351,0.9527027027027027,0.05,0.047808338970242614,0.1930629110844237,0.09861497758140053,165.65426105717367,0.43806211921735905,True
2014-01-02,MPC,Energy,27838223256.65934,0.7586790981820325,0.9504504504504504,0.05,0.1062208594541909,0.19428910946456032,0.7137164429530202,22.48125,0.39338508597149713,True
2014-01-02,BWXT,Industrials,2718595573.6278057,0.7570049848943198,0.9481981981981982,0.05,0.06723839388735271,0.31042302934284866,0.01162582681210609,114.8632104934416,0.23252701857822045,True
2014-01-02,SWBI,Industrials,687899503.7155151,0.7564056085596123,0.9459459459459459,0.05,0.08211809965683789,0.5404463011828025,0.589550978576711,13.60202345778494,0.19539086697217356,True
2014-01-02,PSX,Energy,46979975674.63684,0.7541858305714195,0.9436936936936937,0.05,0.09303963948963428,0.17431948565127206,0.901978021978022,19.055194805194805,0.31876117003464377,True
2014-01-02,CVS,Healthcare,86310401870.72754,0.748385026737968,0.9391891891891891,0.05,0.04553332987472594,0.10154647226541624,1.0575129533678755,14.384473197781885,0.3629521508498075,True
2014-01-02,VAL,Energy,639287542.8915024,0.7461363782045984,0.9369369369369369,0.05,0.8450031695544564,0.08037465363587197,2.1955366144258086,7.053231939163498,0.8884251876621487,True
2014-01-02,VMI,Industrials,1579606928.2150269,0.7442766713801044,0.9279279279279279,0.05,0.13615665781045666,0.2143813796547401,0.8619383241263996,15.204472349375232,0.050541931387581895,True
2014-01-02,HP,Energy,8887688250.0,0.7406249853272429,0.9256756756756757,0.05,0.021166246464596684,0.17093767344489616,0.12483371508977145,180.52781856746614,0.3939166641595715,True
2015-01-02,GWW,Industrials,2570275185.089111,0.9042031067812046,0.9955947136563876,0.05,0.2100681682382895,0.23383680865261358,0.2968224124319608,120.33165467625899,0.06562896471943636,True
2015-01-02,IFF,Basic Materials,621906049.3278503,0.8887476116720431,0.9933920704845814,0.05,0.518116844736037,0.19274873890438235,1.4500498133536686,12.386714772676967,0.45137616958534754,True
2015-01-02,MGEE,Utilities,1586061000.0,0.8733333333333334,0.986784140969163,0.05,0.037537017807007425,0.08711847663328665,2.292844914948557,6.884066130931054,0.21267328224698834,True
2015-01-02,CMI,Industrials,5713029083.633423,0.8628537106969627,0.9845814977973568,0.05,0.24767946728184267,0.25013328902934057,0.589117544471573,36.89393939393939,0.12406069970796008,True
2015-01-02,JJSF,Consumer Defensive,771957832.8666687,0.8485377970318817,0.9823788546255506,0.05,0.08771334018149012,0.14961346698273473,0.003554850662090936,949.4434782608696,0.8144567061286985,True
2015-01-02,PPC,Consumer Defensive,8216466480.400085,0.8433929054097014,0.9779735682819384,0.05,0.11111175371770589,0.4414825454187449,0.42334781641430824,16.153206465879716,1.1222568917129125,True
2015-01-02,CALM,Consumer Defensive,1870814673.8586426,0.8371367190912379,0.9757709251101322,0.05,0.05776413960721659,0.20831420796209943,0.2239226935465778,96.4828060522696,0.5254932208413332,True
2015-01-02,DHR,Healthcare,41263170252.22778,0.8071493212669685,0.9713656387665198,0.05,0.07338747802191735,0.11952145893140032,0.6744490847698597,27.76342412451362,0.0975350156257404,True
2015-01-02,CHRW,Industrials,5192398567.657471,0.7889184011996537,0.9647577092511013,0.05,0.08301828035409707,0.25633884711716937,1.0916254884862577,29.10714866623292,0.11255773371280009,True
2015-01-02,FIZZ,Consumer Defensive,1042075351.5930177,0.7531828394230751,0.9493392070484582,0.05,0.045867124605656256,0.44321009012735074,0.2483885790931333,129.9034090909091,0.22205601056342839,True
2015-01-02,CMP,Basic Materials,1050703285.3813171,0.7451954787895727,0.9449339207048458,0.05,0.09783922961913288,0.205014573553593,1.7293274531422271,14.973821989528796,0.12406069970796008,True
2015-01-02,GD,Industrials,46821158417.95349,0.7387370399825359,0.9361233480176211,0.05,0.10354293152518505,0.2228515995839535,0.9127187864644107,35.149532710280376,0.5562524078168951,True
2015-01-02,FSS,Industrials,978692009.7351074,0.7274281535972363,0.9317180616740088,0.05,0.07183056497930067,0.16668585414108336,0.7057613168724279,21.102564102564102,0.06895464631108794,True
2015-01-02,LSTR,Industrials,3239059042.2821045,0.7247658756648414,0.9229074889867841,0.05,0.02845425131091912,0.25305238169331123,0.6413310759937154,65.2145618556701,0.3680381915935682,True
2015-01-02,AXON,Industrials,1426794722.3186495,0.7169146882164301,0.9162995594713657,0.05,0.020413282684890195,0.25675507272962905,0.002059043747994438,114.67201498643769,0.5175552652091986,True
2015-01-02,LHX,Industrials,7577396290.588379,0.7158022151760592,0.9140969162995595,0.05,0.07078948750063974,0.20173381631605417,1.5061933814013682,9.434876210979548,0.05606303844926619,True
2015-01-02,TDY,Technology,3861648138.4277344,0.7096883116883118,0.9074889867841409,0.05,0.06468740575150013,0.11603579335286521,1.5027308192457738,15.529411764705882,0.19331561330303493,True
2015-01-02,HON,Industrials,71599626846.31348,0.6982836151892564,0.8920704845814978,0.05,0.05377122995716044,0.21260800971287266,1.2313339797755922,19.661442006269592,0.10518721363215389,True
2015-01-02,ADM,Consumer Defensive,33969060298.919678,0.6924213768497073,0.8788546255506607,0.05,0.11545800694771448,0.10206260864049979,1.3932612522001508,8.968208092485549,0.26605380598034345,True
2015-01-02,WAB,Industrials,8450018499.206543,0.6790781580633208,0.8700440528634361,0.05,0.039313641743055794,0.1646923280366377,0.9298566853454264,27.609749395471532,0.1855762793389768,True
2016-01-04,CMI,Industrials,5449727878.189086,0.8786741007291549,0.9935897435897436,0.05,0.22551584729922144,0.23404499517546087,0.5515515515515516,38.890625,0.046729478466696284,True
2016-01-04,IOSP,Basic Materials,1287647512.4893188,0.8215769402222383,0.9850427350427351,0.05,0.0874462917124876,0.19860923092641314,0.6975683890577508,43.078947368421055,0.3670684574899352,True
2016-01-04,GWW,Industrials,2717328110.2638245,0.8181714676233621,0.9829059829059829,0.05,0.23460913593467533,0.20446861573227623,1.1890563128454965,59.55993582397433,0.14265376425773324,True
2016-01-04,FSS,Industrials,965325000.0,0.8125641176303299,0.9807692307692307,0.05,0.08390956413643073,0.19428997020854025,0.3900414937759336,39.81481481481482,0.10579193124236541,True
2016-01-04,FIX,Industrials,1032650192.899704,0.7922202542672295,0.967948717948718,0.05,0.058704293493399666,0.18294823044869044,0.11189179862735324,43.59935379644588,0.9829604885455356,True
2016-01-04,ATR,Healthcare,4645844438.018799,0.7657556561085974,0.9551282051282052,0.05,0.043747052384446976,0.13982484607590548,1.8002229620813812,10.402437451637864,0.13518449918881092,True
2016-01-04,FF,Basic Materials,564993000.0,0.7444873026528652,0.9337606837606838,0.05,0.1354441559452949,0.21317231814853585,0.3241027658911678,528.4329896907217,0.1339306984356572,True
2016-01-04,JJSF,Consumer Defensive,995836180.1147461,0.74098269687942,0.9273504273504274,0.05,0.055407707715180804,0.1467712235691931,0.009943345268957675,868.7777777777778,0.43720988603088884,True
2016-01-04,SXI,Industrials,1038397687.789917,0.7378585893399803,0.9230769230769231,0.05,0.059251865372458155,0.1655591496301843,1.0397148977758472,26.631878557874764,0.16585520712994328,True
2016-01-04,WDFC,Basic Materials,1392832742.2485352,0.7378096927302222,0.9209401709401709,0.05,0.03538113264083976,0.21542790215694033,1.5258763192472344,53.37344398340249,0.19945715437241573,True
2016-01-04,CMP,Basic Materials,1035509736.8545531,0.7249402007160408,0.8995726495726496,0.05,0.011781637164570286,0.17552463033785973,1.7994227994227994,12.288990825688073,0.046729478466696284,True
2016-01-04,WAT,Healthcare,10790894905.273438,0.7058823529411765,0.8803418803418803,0.05,0.04282341771062689,0.15982432886223047,2.491313437580233,15.470101070640478,0.15033371232425297,True
2016-01-04,MDLZ,Consumer Defensive,71333911491.39404,0.6807714182540401,0.8418803418803419,0.05,0.029915645383576824,0.20796755115028082,1.5091328413284133,15.091324200913242,0.2240754965433993,True
2016-01-04,HON,Industrials,72764304363.25072,0.6721702679891841,0.8183760683760684,0.05,0.057981726574861434,0.22271176095534362,1.4218245425188374,21.25,0.06472679016605909,True
2016-01-04,KR,Consumer Defensive,40295639850.616455,0.6708847719642159,0.8162393162393162,0.05,0.029506914505089073,0.1346080110542203,2.0076676176890156,7.355371900826446,0.29044836402717933,True
2016-01-04,XYL,Industrials,3322988906.8603516,0.6657532559406519,0.8098290598290598,0.05,0.09118297066067622,0.13488969412083918,2.1464646464646466,8.462962962962964,0.03988415225695907,True
2016-01-04,LII,Industrials,5665343902.58789,0.6473039754093223,0.7606837606837606,0.05,0.034013822163907116,0.24384123252675693,2.1615257829055805,15.104166666666666,0.455176832207038,True
2016-01-04,BRKR,Healthcare,3991441974.258423,0.6440904977375566,0.7564102564102564,0.05,0.029813786788697894,0.12382958779266835,1.8349802371541502,11.386363636363637,0.1319411332574556,True
2016-01-04,HRL,Consumer Defensive,21189485450.683594,0.6426380875000538,0.7542735042735043,0.05,0.04088961961896286,0.17028747750476322,0.3613893301254146,81.63023415452673,0.5296408661566472,True
2016-01-04,LFUS,Technology,2342598466.178894,0.6400895721925133,0.75,0.05,0.0490984697807006,0.1365809059234036,1.4140158843983819,25.31614135625597,0.15281189661126615,True
2017-01-03,MSM,Industrials,654016322.9942323,0.8635293339980079,0.9958419958419958,0.05,0.47884584679205605,0.14159302013919758,1.3543168959860734,64.77268813500947,1.5726945450867804,True
2017-01-03,IFF,Basic Materials,1578716250.0,0.8528072753165142,0.9937629937629938,0.05,0.2382587751282094,0.17352773946892314,2.0261467726836435,10.99256981319479,0.78410122352886,True
2017-01-03,DD,Basic Materials,9842192353.258652,0.8309045417561778,0.9854469854469855,0.05,0.1954849012235554,0.20186710962044668,1.731760878405856,11.07940161104718,0.8076449405693895,True
2017-01-03,MGEE,Utilities,2218752000.0,0.8200000000000002,0.9833679833679834,0.05,0.029624762028383524,0.08131643912066802,2.242083068569118,6.420587353910698,0.30646785660338893,True
2017-01-03,VAL,Energy,2484932549.095154,0.8048557861263341,0.9792099792099792,0.05,0.40166080176439445,0.06999418504656058,3.0411951128766703,2.861147844485586,1.3114526490223128,True
2017-01-03,DHR,Healthcare,48979089059.44824,0.803030419185218,0.975051975051975,0.05,0.07188782126442562,0.07615750719175822,1.9595464296659515,13.444781290601993,0.7164402159624081,True
2017-01-03,PSKY,Communication Services,28717939727.783203,0.8026666666666668,0.972972972972973,0.05,0.06487234173688437,0.13335560123768572,3.1728657456606446,6.314496314496314,0.28872990548814426,True
2017-01-03,MDU,Utilities,2132303147.6974487,0.7783333333333334,0.9625779625779626,0.05,0.042517406635120575,0.060462332727601334,3.2734188369579433,3.8759934497816593,0.5675816289334314,True
2017-01-03,GWW,Industrials,3333150609.375,0.7726119023670688,0.9584199584199584,0.05,0.18355516197773072,0.18682385265409232,1.6132429716813796,18.765346836092107,0.390451584971202,True
2017-01-03,HII,Industrials,1883770898.4375,0.7712214155111348,0.9563409563409564,0.05,0.34027492437200274,0.19952728102242254,2.0261723009814614,6.108333333333333,0.4743993413459382,True
2017-01-03,GBX,Industrials,880838799.2839812,0.7665172853632918,0.9542619542619543,0.05,0.21871992940888568,0.27212626007113505,0.8591487523096331,23.003590456335417,0.11270604156340291,True
2017-01-03,ROG,Technology,785505613.8725281,0.7657489177489181,0.9501039501039501,0.05,0.1329118444937588,0.09366232499829043,0.6734491148021248,20.114125122189638,0.7806603099876315,True
2017-01-03,WOR,Industrials,1879100000.3814697,0.7630915814093572,0.9480249480249481,0.05,0.1638624873277055,0.14597907002684157,1.7051194216730847,8.149927360774818,0.9143127005136229,True
2017-01-03,KWR,Basic Materials,1710623723.8067627,0.7628768375073162,0.9459459459459459,0.05,0.037624288208030494,0.1576003107877828,0.7344969258450318,28.823287671232876,0.6747611057897132,True
2017-01-03,WKC,Energy,3215069883.3465576,0.7618786254265707,0.9438669438669439,0.05,0.09309284428009366,0.09305075541483675,3.6075388026607538,6.385026737967914,0.13779909268696855,True
2017-01-03,KEYS,Technology,6240159790.039063,0.7577676767676769,0.9417879417879418,0.05,0.05208199964987844,0.2020412216371246,2.0859232175502744,8.787234042553191,0.24779380760043113,True
2017-01-03,MED,Consumer Cyclical,501935459.9456787,0.7475610500610501,0.9376299376299376,0.05,0.048862855799537044,0.4544256796339494,0.0017676767676767678,57.15964523281596,0.30170755276600736,True
2017-01-03,XYL,Industrials,5234480186.462402,0.7412812205473961,0.9313929313929314,0.05,0.06667328704435564,0.13637766121567418,2.1228070175438596,6.90625,0.9143127005136229,True
2017-01-03,JBSS,Consumer Defensive,800475840.6248474,0.7408710996198009,0.9293139293139293,0.05,0.09840896626999937,0.1299048704474449,0.49433880726015555,16.52922788371366,0.3117607069399435,True
2017-01-03,LSTR,Industrials,3613968871.307373,0.7355158668233965,0.9251559251559252,0.05,0.06098447658191105,0.27496623917421137,0.6397916013788781,63.85516445470283,0.453236632336548,True
2018-01-02,EVC,Communication Services,649735828.9783363,0.8985353535353539,0.9959919839679359,0.05,0.4117442629270794,0.3135831884033636,0.9418765650316688,19.380407124681934,0.07781509670738673,True
2018-01-02,MSM,Industrials,1530786993.3357239,0.8978546351285435,0.9939879759519038,0.05,0.13084315510386155,0.1372070247718196,1.203268606879923,30.74874696847211,1.3241808776897241,True
2018-01-02,PYPL,Financial Services,169960311492.91992,0.8950000000000001,0.9919839679358717,0.05,0.017427598090295267,0.1116749281108726,0.37751937984496126,453.25,0.5237328925431721,True
2018-01-02,NGVT,Basic Materials,850980000.0,0.8476699412874659,0.9859719438877755,0.05,0.15429269783073632,0.21477366052674407,1.9851138353765323,13.896296296296295,0.5214560267212549,True
2018-01-02,HII,Industrials,2725049646.3775635,0.8406419063777689,0.9839679358717435,0.05,0.13100678751837191,0.21281284504968714,1.7226738934056007,12.774647887323944,0.4394097490608764,True
2018-01-02,A,Healthcare,21834799507.141113,0.7987368421052633,0.9719438877755511,0.05,0.03265429571573634,0.18064261903172074,1.8382084095063986,11.164556962025317,0.5179111509096725,True
2018-01-02,TER,Technology,8870239561.271667,0.7876740551292982,0.969939879759519,0.05,0.04777976931428445,0.19618246853233848,0.9528866111214944,28.12820082746282,0.5917448705093442,True
2018-01-02,THO,Consumer Cyclical,8205860907.91777,0.7712539682539683,0.9679358717434869,0.05,0.0375754602058251,0.2646603453019052,0.12324850184598868,74.09356793288278,0.5293533576707856,True
2018-01-02,MKSI,Technology,5405408015.922546,0.7706358340437625,0.9639278557114228,0.05,0.05589513300568748,0.1727644540781994,0.9960926528282398,10.624724522008458,0.5869357844103082,True
2018-01-02,COHU,Technology,656899841.1178589,0.7666933077578859,0.9599198396793587,0.05,0.0368640673725711,0.19614117171358433,0.19520144671545125,65.70307167235495,0.6024128359819183,True
2018-01-02,ENTG,Technology,578683850.1272202,0.7652255612389884,0.9579158316633266,0.05,0.3054863203131312,0.15149729425657468,1.6375788428905325,6.314571420017365,0.18497105763858657,True
2018-01-02,PPC,Consumer Defensive,7514457915.985107,0.7642707420458947,0.9519038076152304,0.05,0.06460532555079947,0.18060198544984954,2.0069672213073035,13.690114217169084,0.963138335547699,True
2018-01-02,BRKR,Healthcare,5478324072.647095,0.7623684210526317,0.9498997995991983,0.05,0.018089473840147512,0.17731206257632098,1.7039007092198581,14.758389261744966,0.6528282062467488,True
2018-01-02,WTI,Energy,511779003.9360523,0.7590225290432329,0.9478957915831663,0.05,0.09600042131884529,0.3432003003489145,3.8915129989387824,2.1758052189103614,0.2599276774864354,True
2018-01-02,GWW,Industrials,3681344000.0,0.7577860144936905,0.9458917835671342,0.05,0.21504673293232038,0.1511430692638277,1.9114539880632087,11.475830231546382,0.20249109763133188,True
2018-01-02,BWXT,Industrials,6068753112.761994,0.7518596412694712,0.9398797595190381,0.05,0.03827244174945382,0.3346542890422217,1.46531135053644,20.749842953863336,0.5711977180001708,True
2018-01-02,FWRD,Industrials,1640304204.2276688,0.7505084946428102,0.9378757515030061,0.05,0.05266218289105261,0.12232460568989292,0.27692411194833155,92.37286689419795,0.16514167642649746,True
2018-01-02,FIX,Industrials,1636731000.0,0.7469406190575251,0.935871743486974,0.05,0.051527098832978666,0.14172894517728954,0.5981475379827933,35.8367631670736,0.2880491818221127,True
2018-01-02,ODFL,Industrials,11075292608.448671,0.7435465397854251,0.9318637274549099,0.05,0.0169573849323613,0.16004772078488905,0.1269579929411356,198.84741442097595,0.48985524201638553,True
2018-01-02,ITT,Industrials,4708196162.414551,0.7434657502270856,0.9298597194388778,0.05,0.03300627132755333,0.14362199679791657,0.5124698310539019,29.32608695652174,0.4019705965328322,True
2019-01-02,FF,Basic Materials,717221183.3171844,0.7840527690656802,0.9669902912621359,0.06666666666666667,0.10878791900586428,0.27500666844491867,0.2670746150809317,347.66279069767444,0.24808368704692874,True
2019-01-02,WDFC,Basic Materials,2476719587.890625,0.720449339089037,0.8970873786407767,0.06666666666666667,0.021113007809065398,0.367805819898229,0.9908597772859158,19.39819862526665,0.5196332447941681,True
2019-01-02,CF,Basic Materials,1611119977.56958,0.7202325630602383,0.8932038834951457,0.06666666666666667,0.6281344742100651,0.09042328786387287,3.08,2.531496062992126,0.5858780119456812,True
2019-01-02,NRP,Energy,540163880.3894348,0.7127497741079801,0.887378640776699,0.06666666666666667,0.2650473406270359,0.09400086450299189,3.4339230645783907,2.715914260114412,0.46307951016270543,True
2019-01-02,KWR,Basic Materials,2374027715.491226,0.6795188999411108,0.8155339805825242,0.06666666666666667,0.02662226712333156,0.12925131991377606,0.4407723665889379,15.351731601731602,0.3728287442788456,True
2019-01-02,LII,Industrials,8796491198.730469,0.6544294735113252,0.7747572815533981,0.06666666666666667,0.03736717204326184,0.35750464766668033,2.0040939836240654,13.85195530726257,0.10031399744439407,True
2019-01-02,HRL,Consumer Defensive,22542250928.69568,0.6318600207008458,0.7339805825242719,0.06666666666666667,0.03823358202897393,0.18979800305504302,0.6037467670838638,49.87340529931305,0.26552874130438253,True
2019-01-02,LW,Consumer Defensive,10842752539.0625,0.6289134739680087,0.7281553398058253,0.06666666666666667,0.02547323652411615,0.24149515277698785,3.1863270777479893,5.390398550724638,0.40116152833927665,True
2019-01-02,SMPL,Consumer Defensive,1441439125.8125305,0.5805068153466489,0.6349514563106796,0.06666666666666667,0.040895935141743014,0.08726517622003342,2.61443251136069,5.230021512230101,0.39944897067543517,True
2019-01-02,NEU,Basic Materials,4628222903.429566,0.575036631058667,0.6174757281553398,0.06666666666666667,0.018001077678921666,0.1545464098715492,2.1673759053053874,12.890358218948778,0.05538099465785673,True
2019-01-02,TR,Consumer Defensive,2011526685.2804928,0.5689652447264822,0.596116504854369,0.06666666666666667,0.021748157914146585,0.10761710062489405,0.08283335308120685,108.117903930131,0.005081884871770859,True
2019-01-02,OCC,Technology,532759994.4152832,0.5663511255616519,0.5922330097087378,0.06666666666666667,0.004639712114106687,0.08289949759225047,2.701739974438461,4.912459711020566,0.09549978764217482,True
2019-01-02,BALL,Consumer Cyclical,15621500389.663696,0.5266107457614688,0.5203883495145631,0.06666666666666667,0.06337419423905369,0.06475566134843026,3.694905869324474,3.6847457627118643,0.283520089956417,True
2019-01-02,MLI,Industrials,24063992624.504242,0.43201397223361926,0.32038834951456313,0.06666666666666667,0.0028032339043899505,0.11576729111512601,2.750557488889948,6.285095753538718,0.7805800064299968,True
2019-01-02,THR,Industrials,897748045.1409779,0.3769778496222657,0.229126213592233,0.06666666666666667,0.0007407423537141445,0.06353564183404585,3.0568308569382667,3.242007608623106,0.08968281518764987,True
2020-01-02,PYPL,Financial Services,125155798187.25586,0.9750000000000002,1.0,0.05,0.029379381964378018,0.18008367064324535,1.2940563086548489,29.877551020408163,0.036308235689025414,True
2020-01-02,CMI,Industrials,4447439940.261842,0.8422961346460007,0.9943396226415094,0.05,0.5666181070118365,0.2857084562991567,0.7897669706180345,27.73109243697479,0.09401501751767105,True
2020-01-02,RS,Basic Materials,8073702000.0,0.8144387626535393,0.9886792452830189,0.05,0.13813985207777052,0.10302476543482349,1.5998090609269224,10.169565217391304,0.6964596601218105,True
2020-01-02,ZBRA,Technology,1405020693.345869,0.8122023114926341,0.9867924528301887,0.05,0.48753730336082385,0.18178401638574143,1.8581235697940504,5.57258064516129,0.1130076868116241,True
2020-01-02,IESC,Industrials,532353902.2216797,0.8115482736377213,0.9849056603773585,0.05,0.060906851372150156,0.15284111173284035,0.0060112809102796805,22.444803446418955,0.3596491673604607,True
2020-01-02,BRKR,Healthcare,7991616094.970703,0.8090344438170526,0.9830188679245283,0.05,0.018068936030457474,0.2000414603931477,1.550081654872074,18.575949367088608,0.7367918902165889,True
2020-01-02,TER,Technology,12576821975.082397,0.8070043275285211,0.9811320754716981,0.05,0.03392271917701251,0.3708084014660647,0.78991145272191,17.286167195060905,0.9851177870270202,True
2020-01-02,BRBR,Consumer Defensive,1383300018.3105469,0.8063241093284238,0.9792452830188679,0.05,0.06874864363563561,0.26017267336860106,0.00210637177461822,7.125,0.0942496105380839,True
2020-01-02,WTS,Industrials,879458680.3436279,0.7978772668573084,0.9735849056603774,0.05,0.18886617838043318,0.12511858541743853,1.4205955334987592,13.49655172413793,0.1130076868116241,True
2020-01-02,BIO,Healthcare,11101905069.244385,0.7955787690570302,0.969811320754717,0.05,0.02452696166123252,0.22732179648812473,0.3679252893314518,70.00540632582691,0.6296036026477025,True
2020-01-02,LSTR,Industrials,4488367136.596679,0.7950585604042607,0.9679245283018868,0.05,0.075035974052553,0.40164271133145857,0.40192072715611854,99.98205854579793,0.1486549590985582,True
2020-01-02,JBSS,Consumer Defensive,1027084278.4099121,0.794593787701898,0.9660377358490566,0.05,0.07478743625490851,0.17080486334261394,0.5718015025798782,23.798667653589934,0.8780049677042028,True
2020-01-02,SMG,Basic Materials,1712775000.0,0.7938259371082788,0.9641509433962264,0.05,0.10766154340178949,0.2135721251592129,2.188388780169602,6.658800393313667,0.3419752268613694,True
2020-01-02,WAT,Healthcare,15694485916.992186,0.7902540937323547,0.960377358490566,0.05,0.031263974022160024,0.5361220654520189,1.7928808185976142,15.122553800143034,0.21645491606543077,True
2020-01-02,OSK,Industrials,6532659367.016289,0.7876277588332069,0.9566037735849057,0.05,0.06032765185796,0.19701541718957044,1.0894273606432685,14.799632352941176,0.4809134675974003,True
2020-01-02,ROG,Technology,950243000.0,0.7832994247349087,0.9547169811320755,0.05,0.10490264069295958,0.11947661343386526,0.7268301378104076,16.2559582438474,0.4461882856720696,True
2020-01-02,KEYS,Technology,19900290466.30859,0.7799106941929523,0.9490566037735849,0.05,0.04411995902705358,0.21252155047168897,1.6708975521305531,9.9375,0.6816998371021119,True
2020-01-02,IOSP,Basic Materials,2561462584.915161,0.7744977549457454,0.9452830188679245,0.05,0.054656273655715716,0.11325296623250822,0.8172464478196962,27.385964912280702,0.6119520109004095,True
2020-01-02,TG,Industrials,742255474.6055603,0.7701584246998658,0.939622641509434,0.05,0.05142838457376875,0.1505143502732181,0.7969549962407361,18.390524684525126,0.3522176148784464,True
2020-01-02,JJSF,Consumer Defensive,1700180050.8041382,0.7699594931067318,0.9358490566037736,0.05,0.053153782128696904,0.14419325900071256,0.006135824040588157,59.911337209302324,0.8780049677042028,True
2021-01-04,FF,Basic Materials,577433991.6563034,0.8617425008746618,0.9981981981981982,0.05,0.14253923598074264,0.42303381897290526,0.0056965357481309885,514.9444444444445,0.3447315155421782,True
2021-01-04,RGR,Industrials,1190139559.0,0.8466467443392232,0.9927927927927928,0.05,0.08691669747278773,0.3141206406071866,0.01558725557505022,412.2764976958525,0.4091615278344207,True
2021-01-04,WOR,Industrials,1672290841.8426514,0.8267693735640365,0.990990990990991,0.05,0.17886900562727878,0.46228376750304345,0.8683599025436666,25.687709838817998,0.3243736469198142,True
2021-01-04,BC,Consumer Cyclical,6106295732.116699,0.8247623833232355,0.9891891891891892,0.05,0.1120155377346745,0.2125924336390991,1.7910991447576814,7.051020408163265,0.29535629153410703,True
2021-01-04,MYRG,Industrials,981519469.6960449,0.8138617478891867,0.9837837837837838,0.05,0.11801701706016272,0.11890566936718143,0.7385562059132523,14.130557515878618,0.7120515420454263,True
2021-01-04,WTS,Industrials,1069877322.0062256,0.813626344477302,0.9819819819819819,0.05,0.17067377375341494,0.11664938545526236,1.1302177858439202,13.037593984962406,0.3243736469198142,True
2021-01-04,ZBRA,Technology,1695276035.7329483,0.8105300005339956,0.9801801801801802,0.05,0.4306083402425885,0.15337940315667042,2.257065948855989,8.273972602739725,0.3243736469198142,True
2021-01-04,SWBI,Industrials,1010774232.5572968,0.8094469502764837,0.9783783783783784,0.05,0.24213122190580444,0.1744829655358544,0.36038014856579526,8.671893703615035,0.1608146736190239,True
2021-01-04,BIO,Healthcare,17331433574.21875,0.8022024773937818,0.9765765765765766,0.05,0.021291545123475687,0.41004052428127546,0.13857136415268959,196.010937903712,0.5251650206549872,True
2021-01-04,ENTG,Technology,589971149.6047974,0.7972405182426209,0.9747747747747748,0.05,0.4505440650412418,0.1543745720035519,2.2342319125119756,7.4155470635559135,0.1629834727181958,True
2021-01-04,TER,Technology,21971246670.04394,0.7946604322693475,0.972972972972973,0.05,0.029100442482935415,0.4703852390474622,0.5223908990213154,35.77456793238299,0.7093742405678962,True
2021-01-04,NGVT,Basic Materials,850160019.4873811,0.788941905492187,0.9711711711711711,0.05,0.20560835136119282,0.12993612305180754,3.52565772336546,5.590643274853801,0.13044090688144938,True
2021-01-04,FIX,Industrials,1895565067.2912598,0.7874582448944416,0.9693693693693693,0.05,0.1214123450422488,0.1640363920457602,1.2146442645095799,20.467416934619507,0.05612436230980866,True
2021-01-04,UEIC,Technology,724028867.3400879,0.7744375125155194,0.954954954954955,0.05,0.0917587723319241,0.09718677031813018,1.0272705644441802,15.740434782608695,0.05395816496542527,True
2021-01-04,MBUU,Consumer Cyclical,1289643797.913231,0.774174663909451,0.9513513513513514,0.05,0.048983292985409474,0.23030726590923578,0.7965753972130696,28.650595056454073,0.44833499767092366,True
2021-01-04,IESC,Industrials,952376750.0,0.7721692899385676,0.9495495495495495,0.05,0.07559613356793937,0.1566759297380008,0.5103504717889467,53.04366347177849,0.6158169508853513,True
2021-01-04,SMG,Basic Materials,2108736035.15625,0.771121901121799,0.9477477477477477,0.05,0.23488003796705642,0.18926564194446147,2.4562709884654694,7.595881595881596,0.15104090408567572,True
2021-01-04,MSM,Industrials,1530136749.780655,0.767229180029242,0.9423423423423424,0.05,0.22857303443639032,0.14170973555224953,1.5271155363533804,21.04738199484196,0.1843717735798358,True
2021-01-04,MED,Consumer Cyclical,2283658272.3693843,0.7659844665138783,0.9405405405405406,0.05,0.061232016055938976,,0.09963926271228318,257.6188340807175,0.9120885185107714,True
2021-01-04,CTVA,Basic Materials,12376742609.024048,0.7649290754092101,0.9369369369369369,0.05,0.13630403841233524,0.025099666422585633,1.8286358511837655,10.457627118644067,6.65591429605528,True
2022-01-03,SWBI,Industrials,1309327850.280762,0.9250277422833364,0.9982935153583617,0.05,0.20407111934776656,1.2160812073000287,0.10399871614320762,170.8075586434291,0.3917248129548021,True
2022-01-03,IMKTA,Consumer Defensive,1657893711.93898,0.8934252839165656,0.9948805460750854,0.05,0.09994580762732194,0.17855992324116757,1.2568252392756913,14.464265910969457,0.858669347255343,True
2022-01-03,IIIN,Industrials,785852834.0148926,0.8741184278549626,0.9897610921501706,0.05,0.0666486112067739,0.31178501115989665,0.017126687847498014,897.90625,0.9584622153072071,True
2022-01-03,MGY,Energy,3480280136.1751556,0.8330606072323923,0.9812286689419796,0.05,0.11397243453968818,0.5108188172907453,0.6062806240261325,14.474913354711237,1.6136498107430315,True
2022-01-03,MTUS,Basic Materials,914143950.6530762,0.828446667244643,0.9795221843003413,0.05,0.16135314344597929,0.23088265986697035,0.3302652950730915,15.291139240506329,2.0685224174724572,True
2022-01-03,MYRG,Industrials,1870516304.283142,0.827625324075113,0.9778156996587031,0.05,0.05622511803782722,0.1868119640138053,0.16534793822480626,54.85,0.8447588279777145,True
2022-01-03,NUE,Basic Materials,32911822346.557617,0.8221340698401691,0.9744027303754266,0.05,0.07718876740551298,0.3081161234601557,0.7668045418305888,40.96152119980552,1.105412936973666,True
2022-01-03,CRC,Energy,3633016012.573242,0.8167870272937674,0.9726962457337884,0.05,0.07789671144321571,2.5539513320943836,0.15575177826833456,67.33333333333333,0.7262763327408539,True
2022-01-03,STLD,Basic Materials,12588937188.846588,0.8104298780676604,0.9658703071672355,0.05,0.037599123174540776,0.3161749481158789,0.895612469577975,47.4225302334158,0.632791974959904,True
2022-01-03,CMI,Industrials,4456759889.602661,0.8086484216496362,0.9641638225255973,0.05,0.44741023734571744,0.23905593844264628,1.2020782061799289,26.19298245614035,0.08411218764715667,True
2022-01-03,ARCB,Industrials,3016192300.802399,0.8075849233042867,0.9607508532423208,0.05,0.06878739128960877,0.19747800295679094,1.0078022149874182,24.815851819944,1.4417604454574784,True
2022-01-03,BIO,Healthcare,22227333563.476562,0.8061138478379859,0.9590443686006825,0.05,0.029991586624470146,0.4530269064331374,0.027024852780015922,1453.419015280136,0.27179469890185093,True
2022-01-03,BRKR,Healthcare,12375271673.583984,0.8047065067754724,0.9573378839590444,0.05,0.020557124458369453,0.22143809538746403,1.6771445954167512,24.713414634146343,0.46333632867506047,True
2022-01-03,CHRD,Energy,2743128445.373535,0.8015100919592033,0.9556313993174061,0.05,0.21418428327368924,0.47270843178890315,1.2170650610040135,24.119720419370942,2.3519690735783687,True
2022-01-03,WAT,Healthcare,22563745693.359375,0.8013177754557066,0.9539249146757679,0.05,0.027750711628711632,0.49924105947286784,1.7187201547501498,18.98022699060117,0.3392207928045514,True
2022-01-03,NXST,Communication Services,6669653319.213867,0.8003333333333336,0.9522184300341296,0.05,0.165884783968113,0.11420921582408977,3.574436407534003,5.378652546505957,0.43733632358003494,True
2022-01-03,ASIX,Basic Materials,1355781863.2803497,0.7964159653544542,0.9505119453924915,0.05,0.13310253285390405,0.17617861353888764,1.0940439240953914,31.29346733751237,1.2264008905576609,True
2022-01-03,EVC,Communication Services,604079620.3559113,0.7925000000000001,0.9488054607508533,0.05,0.14223952787775782,0.18177180984111374,2.571851973819619,11.05538595726123,1.65592892775136,True
2022-01-03,PAMT,Industrials,821588368.6065674,0.7924105183976697,0.947098976109215,0.05,0.07872555463473607,0.17334902860165172,1.551895061355256,10.85952242283052,1.7036733821946748,True
2022-01-03,TMO,Healthcare,256033233215.33203,0.790031845549087,0.9453924914675768,0.05,0.030917861328347146,0.18638599556855834,1.6828436312892472,19.938579654510555,0.36787649052821325,True
2023-01-03,CF,Basic Materials,2278206030.654907,0.9326196429961651,0.9966329966329966,0.05,1.883060593412076,0.7465451578967113,0.5217810641375985,12.927360774818402,0.9395866269085047,True
2023-01-03,RYZ,Industrials,1135125699.8329163,0.9049675335899998,0.9932659932659933,0.05,0.28269996886444787,0.3197180849272723,1.15101789019124,21.626436781609197,0.18292972777614902,True
2023-01-03,STLD,Basic Materials,17284108877.45667,0.8858488205931898,0.9915824915824916,0.05,0.18928554681040727,0.45874011395657494,0.4959485951093586,71.87473288261832,0.8013666110840745,True
2023-01-03,IMKTA,Consumer Defensive,1814047819.414856,0.8545022686975847,0.9814814814814815,0.05,0.12121482887420693,0.18474521893267157,1.1424921957035665,17.796896988046615,0.1625799061164117,True
2023-01-03,CMC,Industrials,5761476227.664032,0.8534775661638747,0.9797979797979798,0.05,0.0434473718381533,0.30566316271701005,0.862807890262396,30.879252203750813,0.3846604393021513,True
2023-01-03,ULH,Industrials,896610768.1732178,0.8396710744460486,0.9764309764309764,0.05,0.08433202308517468,0.18744631379957302,1.722045807948641,16.90735470341522,1.0486159952962373,True
2023-01-03,FWRD,Industrials,1954430341.0491943,0.8394603477697439,0.9730639730639731,0.05,0.10219346057264911,0.20993178147084096,0.9156548972499893,58.3306048203729,0.03328195630355868,True
2023-01-03,CVLG,Industrials,1068649951.8127441,0.8382581350068382,0.9713804713804713,0.05,0.04787068011674235,0.25570362692980186,0.6463843361144904,53.79073816155989,0.44949652502951354,True
2023-01-03,PBF,Energy,4754563159.879154,0.8064908211216975,0.9528619528619529,0.05,0.6944696892161852,0.5561973882831125,0.7349943374858438,10.68316151202749,1.6249929421147873,True
2023-01-03,TWI,Industrials,943376684.8239897,0.7927862803329888,0.9461279461279462,0.05,0.07202743198246156,0.2893754914840078,1.7046180408895213,7.261914709001511,0.3037171770236593,True
2023-01-03,HUN,Basic Materials,3105528030.395508,0.7911788003515767,0.9444444444444444,0.05,0.3580711521893364,0.2383892486905173,1.0554926387315968,24.295081967213115,0.00186722849924581,True
2023-01-03,RS,Basic Materials,12281567722.77832,0.7895494520435117,0.9427609427609428,0.05,0.1136906974351749,0.24318940035798278,0.6595068183424009,41.4992,0.34615127702191706,True
2023-01-03,WMK,Consumer Defensive,2191416184.0450134,0.7883480018649706,0.9410774410774411,0.05,0.031919541577394496,0.08862153837983948,0.7440467852640426,21.847464848743076,0.329494018585059,True
2023-01-03,SFM,Consumer Defensive,3342297408.246994,0.7624976673168454,0.9090909090909091,0.05,0.07833324447847945,0.11780320377655938,3.1543795369426713,16.952790731214847,0.15955659815118528,True
2023-01-03,GIS,Consumer Defensive,17138939586.639402,0.7614879280041014,0.9057239057239057,0.05,0.14282680603578599,0.1328390368108607,2.953435133707328,8.687849517031012,0.1263358167151707,True
2023-01-03,CXT,Industrials,1995824253.8452148,0.7611673910258068,0.9023569023569024,0.05,0.17646844371263698,0.2114805350950843,1.5705750560119491,13.838323353293413,0.05312269455930774,True
2023-01-03,LECO,Industrials,8555330251.342773,0.75418334258964,0.898989898989899,0.05,0.036600574238598645,0.3115152408119956,1.2055610029415884,22.992863921047636,0.07962972179365946,True
2023-01-03,APA,Energy,14394599647.521973,0.7430364253357195,0.8804713804713805,0.05,0.17631612286187592,0.7137266956992002,0.792,17.497041420118343,0.7064118153167649,True
2023-01-03,MYE,Consumer Cyclical,824300112.8629646,0.7403704687915216,0.877104377104377,0.05,0.07389420315428989,0.15919456195702641,1.406401998832649,14.736389684813753,0.210998014423879,True
2023-01-03,ADM,Consumer Defensive,50472950859.069824,0.7248823902191557,0.8535353535353535,0.05,0.055356383021895925,0.13531947513650658,1.5219496953601,15.212464589235127,0.37650185905044675,True
2024-01-02,WTS,Industrials,1900120040.8935547,0.9093705828606421,1.0,0.05,0.16404226748401604,0.23597819124837915,0.25626304801670147,53.640625,0.5170762636099608,True
2024-01-02,CF,Basic Materials,3856070955.848694,0.8877700296569863,0.9983498349834984,0.05,0.6268038186211321,0.4528661378755323,0.8085159362549801,22.401408450704224,0.681506753124427,True
2024-01-02,GWW,Industrials,2523536946.4874268,0.8840909788624991,0.9966996699669967,0.05,0.563098551807583,0.37558866297688376,0.9749821300929236,27.72043010752688,0.3501337080128859,True
2024-01-02,IESC,Industrials,1581789489.868164,0.8827861313172743,0.995049504950495,0.05,0.08612713693739023,0.27987138323550587,0.32274189660773606,54.632148900169206,1.0137755937018134,True
2024-01-02,AMR,Basic Materials,4815062787.322266,0.8813090481786137,0.9933993399339934,0.05,0.12294336048091487,0.6044617317702585,0.010528721896172486,120.17817059483725,1.0252538461765242,True
2024-01-02,COKE,Consumer Defensive,8783949406.433105,0.8482679778755017,0.9851485148514851,0.05,0.057736557502092924,0.31881815372650685,0.8443466922110898,72.2650589939971,0.43155248636723287,True
2024-01-02,CNR,Energy,3275872448.4708247,0.8459897355071856,0.9834983498349835,0.05,0.19394009076774904,0.5307599969169963,0.19817848509628777,23.379143868683617,0.8072676027617194,True
2024-01-02,HCC,Basic Materials,3174081002.0484924,0.844119325536717,0.9785478547854786,0.05,0.08032939292836126,0.3756747621026855,0.2606959498003423,24.9814433932081,0.7381452760454748,True
2024-01-02,PYPL,Financial Services,133769342010.49803,0.8350000000000002,0.9752475247524752,0.05,0.02380216537022455,0.171571702984937,1.7128139085640695,14.54727793696275,0.4130088282032942,True
2024-01-02,NUE,Basic Materials,43374890259.09424,0.8254081323559584,0.971947194719472,0.05,0.14089077720994822,0.2540641792664824,0.8428914404760238,27.850846357909607,0.3056547129686651,True
2024-01-02,ATR,Healthcare,8237260615.882873,0.8192428261393779,0.9702970297029703,0.05,0.025339370663778442,0.09577860247679326,1.8589128218356918,10.189071120097855,0.1802186243481103,True
2024-01-02,RS,Basic Materials,16639266886.96289,0.8152848450935408,0.966996699669967,0.05,0.09037056801932608,0.17895111173606446,0.6401548724168493,41.480349344978166,0.3990514968008536,True
2024-01-02,JBSS,Consumer Defensive,1229817279.5258179,0.8134595811788451,0.9653465346534653,0.05,0.07731473738656629,0.21628186970565508,0.17508833285261033,52.009855072463765,0.19814632310021918,True
2024-01-02,NEU,Basic Materials,5252488975.123718,0.8118134929961018,0.9636963696369637,0.05,0.09122227619501365,0.252273019533648,1.378789614606587,13.136135199054001,0.7464124592314845,True
2024-01-02,STLD,Basic Materials,19751546158.294678,0.8088623617406228,0.9603960396039604,0.05,0.11703159749998916,0.26860873195762647,0.7837565310490878,41.15657439446367,0.2402853129702589,True
2024-01-02,GPOR,Energy,2541541790.588379,0.8001857376530589,0.9554455445544554,0.05,0.08095755134223714,0.5506245331676032,0.36925794658679534,25.2156215809628,0.8731668058758357,True
2024-01-02,TEX,Industrials,3946052041.6259766,0.7913819840466509,0.9521452145214522,0.05,0.08190464712341325,0.2732320424550071,1.1604060913705583,10.567656765676567,0.22028868029961424,True
2024-01-02,OC,Industrials,2836080069.3511963,0.7895164778270157,0.9504950495049505,0.05,0.41113084662195143,0.17861304623179228,1.43468568880963,18.719101123595507,0.3511436800076668,True
2024-01-02,CMI,Industrials,4381104043.579102,0.7876500206490018,0.9488448844884488,0.05,0.4946241811298528,0.1951804169292763,1.5927258193445244,10.821621621621622,0.15745970846221224,True
2024-01-02,POWL,Industrials,1098353698.6656191,0.7854920011588574,0.9471947194719472,0.05,0.15908718677078512,0.4915169708704754,0.020189522818659843,16.067848882035467,1.4475422377822897,True
2025-01-02,GWW,Industrials,4299287910.461426,0.8814480206969717,0.9967793880837359,0.05,0.4365839271737791,0.37383828117775203,1.138041163946061,31.156626506024097,0.9725891081333191,True
2025-01-02,ATR,Healthcare,10439098807.983398,0.8730498084291191,0.9951690821256038,0.05,0.036171417374766986,0.1101530983904196,1.5373746241943635,11.090233249697983,0.4226828849342903,True
2025-01-02,MGEE,Utilities,3366174526.8478394,0.8420000000000003,0.9838969404186796,0.05,0.005205315369196852,0.07767677509660594,2.667725584718998,5.0869686540786905,0.47317232741673143,True
2025-01-02,IESC,Industrials,4289418689.9414062,0.8290801853669643,0.9806763285024155,0.05,0.04411903189674056,0.40079571857598745,0.18475407458706608,224.80119581464874,2.8392302193372037,True
2025-01-02,CNR,Energy,3208119024.0004354,0.8277447489224873,0.9790660225442834,0.05,0.12063798041925376,0.3073230877787133,0.2798332984652985,24.528534147422324,0.26980165711789206,True
2025-01-02,FOX,Communication Services,21455360778.808594,0.8242371794871794,0.9774557165861514,0.05,0.07732333271405951,0.14841867469879516,2.3541666666666665,7.384615384615385,0.6051724702924031,True
2025-01-02,RL,Consumer Cyclical,8597105570.983887,0.8206712992889464,0.9742351046698873,0.05,0.1096997113985734,0.19167240181872938,2.397035040431267,20.01123595505618,0.24538552201211683,True
2025-01-02,INGR,Consumer Defensive,9077250000.0,0.7977224513333102,0.966183574879227,0.05,0.12746151092015753,0.14706276081825914,1.5020408163265306,18.053571428571427,0.37655670346216286,True
2025-01-02,WAT,Healthcare,21912943621.09375,0.795697318007663,0.964573268921095,0.05,0.028300214280798056,0.22372572729196885,1.8893748034823181,8.057178647518347,0.17795633818774137,True
2025-01-02,MSM,Industrials,1596715941.6732788,0.7943118380025997,0.9629629629629629,0.05,0.19495640512850618,0.1425632014953491,1.2637524689051407,14.300310438494373,0.5052758573988665,True
2025-01-02,VLO,Energy,511980004.5490265,0.7886162585130602,0.9597423510466989,0.05,9.807023624726726,0.1366168646010452,1.328007865306624,9.42280701754386,0.6238531437840067,True
2025-01-02,NRP,Energy,1427238620.2774048,0.7854962276506388,0.9581320450885669,0.05,0.18221129690945,0.29191844533236794,0.8350815487400792,13.90527239671494,0.28384369808033183,True
2025-01-02,PPC,Consumer Defensive,11235591821.102142,0.7822375963805996,0.9549114331723028,0.05,0.1326716940001632,0.19432606499873492,1.811463438161203,8.146095745739657,0.8098593397271625,True
2025-01-02,PAYX,Technology,50109300000.0,0.7794043979276538,0.9533011272141707,0.05,0.031137932479599596,0.4793305106082433,0.3561462891108726,58.48051948051948,0.27154384591170455,True
2025-01-02,STRL,Industrials,5211370967.254639,0.7756710587898863,0.9468599033816425,0.05,0.07479030037374722,0.4847156129980014,1.0814435056565945,10.801766475044733,1.288069607821643,True
2025-01-02,CF,Basic Materials,5608039931.869508,0.7754420192578089,0.9452495974235104,0.05,0.1057410445011429,0.2323349945711043,1.1578197363733522,13.104895104895105,0.6023011078556526,True
2025-01-02,PSIX,Industrials,675680669.418335,0.7660331977426063,0.9371980676328503,0.05,0.05004583012432472,0.4069619399164853,2.0780400902286478,5.42216442027272,15.060605520570103,True
2025-01-02,LBRT,Energy,2766643924.2744446,0.7607202081042673,0.9307568438003221,0.05,0.13055384425544536,0.15742870274403223,0.47722486012154713,15.845317992969,0.1925562098869209,True
2025-01-02,FIX,Industrials,15321017500.0,0.750426452612329,0.9243156199677939,0.05,0.0467294681962213,0.325349799185362,0.37972773931938947,108.94999360532037,1.4307163441664144,True
2025-01-02,SXC,Basic Materials,901620973.968506,0.7394028761502447,0.9114331723027376,0.05,0.10148388584757582,0.11322736144337607,1.8430860976518821,5.91701244813278,0.2237492018184446,True
2026-01-02,GRDN,Healthcare,1873160823.5956192,0.8781149425287357,0.9968253968253968,0.05,0.03639463261309232,0.2214315683838258,0.4146825155426861,64.42903575297942,0.4720966106154836,True
2026-01-02,CF,Basic Materials,9638148147.583008,0.8733761596303695,0.9952380952380953,0.05,0.17762748339050216,0.28513084647000675,1.0877642536835361,13.857142857142858,0.6649681342175737,True
2026-01-02,GWW,Industrials,5708026911.9262705,0.8647392923060834,0.9936507936507937,0.05,0.21583640354355665,0.3279784449594226,0.9847936278059377,32.17948717948718,0.21623436081836944,True
2026-01-02,OII,Energy,715483552.2899628,0.8395512460359906,0.9857142857142858,0.05,0.1588631906858085,0.19601212511257984,2.1079871261524623,11.130056026236677,0.5571872275962457,True
2026-01-02,APA,Energy,9154960220.336912,0.8336757056778461,0.9841269841269841,0.05,0.20786545809043042,0.19600691925737004,0.8163229018492176,10.264900662251655,0.1461007130766625,True
2026-01-02,NXT,Technology,14104229854.431152,0.8129838035527692,0.9793650793650793,0.05,0.042796877690585884,0.4783377477610619,0.06174023707170244,88.61603062862788,1.1924050246612934,True
2026-01-02,CHRW,Industrials,6873190004.104614,0.8114682003636363,0.9777777777777777,0.05,0.12479561899027411,0.20922484324712692,1.7907594231855812,5.9723916554783925,2.3717543893026614,True
2026-01-02,AME,Industrials,616242219.8843956,0.810274247367778,0.9761904761904762,0.05,2.6654113382691196,0.11964540647375115,1.2730503127453825,23.00874769797422,0.5147928142617757,True
2026-01-02,FOX,Communication Services,30011799583.43506,0.8044755244755244,0.9714285714285714,0.05,0.0887984071928476,0.15512511639692353,2.1050847457627118,8.968660968660968,0.29382923416121165,True
2026-01-02,SENEB,Consumer Defensive,756402223.1445314,0.8008616691986314,0.9682539682539683,0.05,0.22276243358925696,0.11059562936560505,1.5115900860853915,6.899940793368858,0.5174410583423357,True
2026-01-02,RL,Consumer Cyclical,13797887695.3125,0.7938754438313262,0.9666666666666667,0.05,0.04839146503756767,0.17089533098823984,3.0405834340991538,22.38617886178862,0.504147367628675,True
2026-01-02,CTVA,Basic Materials,32407925000.0,0.7911043019768593,0.9619047619047619,0.05,0.08189354918588586,0.06769047218215413,1.1822114084887807,12.88659793814433,0.5011029663898534,True
2026-01-02,MSM,Industrials,2212126302.3376465,0.7896595683269578,0.9603174603174603,0.05,0.10888935217914782,0.11540434131426232,1.4260982110481475,11.953663300502846,0.42321858933300094,True
2026-01-02,A,Healthcare,39177799133.30078,0.7881603224361846,0.9571428571428572,0.05,0.029404408248670872,0.16911841572063685,1.827792915531335,13.8125,0.12223854055205097,True
2026-01-02,NRP,Energy,1381645050.0871966,0.7754208941792503,0.9492063492063492,0.05,0.1058325363600237,0.1960382968396496,0.4011854507604233,15.311757318133514,0.01960884646652805,True
2026-01-02,IESC,Industrials,8200864213.806152,0.76974998481673,0.946031746031746,0.05,0.026685358310356837,0.3571326364876537,0.20770215565106886,217.97188533627343,0.9886498886208104,True
2026-01-02,WAT,Healthcare,22773218610.534668,0.7678173608001196,0.9444444444444444,0.05,0.02644619587155757,0.21191995251915435,1.4232461348696812,11.338149938726316,0.0824417111455702,True
2026-01-02,AWI,Industrials,8582660266.11328,0.7655128838478489,0.9428571428571428,0.05,0.028161431596482798,0.36661027022242454,0.20187362233651726,11.966386554621849,0.3537609236633552,True
2026-01-02,ALG,Industrials,1740689331.4208984,0.7640773764326513,0.9412698412698413,0.05,0.08612794787316869,0.11595628277770142,0.9444973098761145,11.714766984839978,0.5300399894441132,True
2026-01-02,COKE,Consumer Defensive,12995323202.392578,0.7578068683995163,0.9380952380952381,0.05,0.04599354634673163,0.26522474375779,2.109016229253958,35.90853715242258,0.27991115894077656,True
